Class_0,Class_1,Class_2,Class_3,Class_4,Class_5,Class_6,Class_7,Class_8,Class_9,Pred,Target
4.882896e-06,7.1183395e-06,0.00061102724,0.0010560851,0.00030852863,0.9874721,0.0012007555,0.008990932,1.6234936e-06,0.00034702805,5,5
0.49077713,0.0015779466,0.00022454289,0.007965722,0.002581613,0.000131027,0.0050848164,0.015534257,0.00033291796,0.47579002,0,9
4.822655e-05,0.0021251265,4.1588002e-05,0.98528266,0.0018219666,0.00055384607,4.6062e-05,0.00016788344,0.006444265,0.0034684278,3,3
5.714922e-07,2.0434666e-11,1.2784378e-06,2.7478844e-09,7.29314e-07,6.1117325e-06,1.098468e-05,0.99997544,4.7221324e-06,1.0839179e-07,7,7
1.1371773e-05,5.1406687e-08,2.356775e-06,5.906502e-11,0.0009284443,4.19489e-05,0.99901557,2.1692844e-07,2.26191e-14,1.611113e-09,6,6
0.0031492438,0.0010163228,6.096808e-05,0.0013213205,7.633318e-05,6.0957004e-06,0.00020268981,0.0009226983,2.2762604e-05,0.9932215,9,9
8.196223e-08,0.027006442,1.9036273e-06,0.00031881675,0.008293515,2.0928057e-12,3.6203996e-08,1.7265504e-07,0.96437764,1.30781e-06,8,8
9.941285e-06,2.4187299e-09,1.8046927e-05,1.1929461e-07,1.3838431e-05,6.0058173e-05,7.573501e-05,0.9997633,5.6805402e-05,2.186303e-06,7,7
4.22953e-08,0.0004940314,7.560666e-07,0.00018995715,0.004723842,1.5317678e-11,6.598172e-09,2.6299172e-06,0.9945885,4.2051232e-07,8,8
1.368589e-06,2.5743968e-06,0.00029612286,0.0006413597,0.00013392733,0.99333763,0.00058019574,0.004852125,5.1202267e-07,0.00015408444,5,5
0.9914996,1.0340543e-05,1.0176049e-06,0.00043954517,0.000618694,3.9065967e-06,0.0010266028,0.0010549522,3.6151412e-06,0.0053416886,0,0
2.275823e-05,0.0013846289,2.3634344e-05,0.98949593,0.0010999081,0.00039959312,2.2475506e-05,0.000101926846,0.005019655,0.0024293151,3,3
1.2391093e-05,0.0009731987,1.494674e-05,0.99198127,0.00073005183,0.000308989,1.25898505e-05,6.821871e-05,0.004080526,0.0018178312,3,3
0.00048034044,0.0007639294,1.4076622e-05,6.939734e-05,0.98878956,3.2789424e-07,0.0098389955,1.240858e-05,3.0157697e-05,8.359102e-07,4,4
3.3549804e-06,5.265566e-06,0.00049284793,0.00091437274,0.00024094073,0.9895906,0.0009655689,0.0075123175,1.1590058e-06,0.00027350424,5,5
4.9404954e-15,4.6846776e-06,0.99997723,1.6855074e-18,3.2843246e-12,1.121795e-06,1.4450949e-05,3.8535585e-08,6.289842e-15,2.5479164e-06,2,2
1.08517115e-05,0.0033435686,6.121866e-05,0.0015900166,0.02638726,3.303042e-08,2.3091102e-06,0.00022129566,0.9683508,3.2672382e-05,8,8
9.15241e-07,0.9901073,0.0011962157,0.0002438386,0.0010945396,3.2401818e-08,5.1903415e-05,5.516902e-07,0.006869148,0.00043557986,1,1
0.0065916693,0.058791403,0.42501828,0.00086316984,0.008777992,0.071220875,0.16864593,0.05567118,0.0010506655,0.20336875,2,6
5.6585372e-06,0.0006126649,8.268902e-06,0.9943235,0.00042982574,0.00022410715,5.977632e-06,4.0786013e-05,0.0031016904,0.0012476153,3,3
0.005772962,0.002439392,0.00040145143,0.0022728604,0.00025225335,6.708642e-05,0.0008798355,0.0033128983,8.1567e-05,0.9845195,9,9
3.219906e-08,1.3720425e-07,3.7077454e-05,0.00012747206,1.2090787e-05,0.99902666,8.065365e-05,0.0007028846,1.43149785e-08,1.3065019e-05,5,5
2.57724e-06,2.5282593e-10,5.1503403e-06,2.0108676e-08,3.439115e-06,2.0356301e-05,3.0384184e-05,0.99992,1.7582535e-05,5.281941e-07,7,7
0.005825638,0.002475955,0.0004133561,0.0022923376,0.0002571115,6.950877e-05,0.0008999802,0.003376067,8.325469e-05,0.9843068,9,9
0.0032793018,0.001703705,0.0052807196,2.3907307e-05,0.059065323,0.0044720247,0.92539626,0.00062391546,1.6167617e-06,0.00015312522,6,4
3.2346037e-07,8.242271e-07,0.00013188332,0.00035241945,5.2610463e-05,0.9967873,0.00026413932,0.0023500468,1.3297264e-07,6.0344257e-05,5,5
3.3403282e-13,2.4327683e-05,0.9998989,3.428497e-16,9.708843e-11,6.0716166e-06,5.646439e-05,3.1795616e-07,4.885559e-13,1.378698e-05,2,2
0.99550796,2.5328184e-06,1.7888739e-07,0.00018142664,0.00021532415,7.5221374e-07,0.00036192982,0.00047130644,9.0267196e-07,0.0032576467,0,0
2.971495e-07,0.0039014155,4.073786e-06,0.0004278764,0.00996249,7.35492e-11,7.403786e-08,3.7291152e-06,0.9856975,2.3880132e-06,8,8
0.0021630395,0.00064556533,2.0528794e-05,0.000948456,3.8796676e-05,1.4013854e-06,8.65602e-05,0.00042300264,1.0873696e-05,0.9956617,9,9
8.10473e-08,2.7994926e-07,6.1378196e-05,0.00019292528,2.1704425e-05,0.99842465,0.0001284156,0.0011462983,3.523347e-08,2.4191364e-05,5,5
3.3882636e-06,0.00045025622,5.608787e-06,0.9954679,0.00030375127,0.00018287101,3.6780236e-06,2.9190796e-05,0.0025797824,0.0009735524,3,3
0.00010815813,2.3832931e-06,5.0895957e-05,7.958062e-09,0.003731262,0.00036316333,0.9957384,5.5713726e-06,2.1613085e-11,1.4993438e-07,6,6
3.5917117e-06,0.981618,0.008405147,0.00022009634,0.0015791947,7.20465e-07,0.0003137201,5.6236595e-06,0.0060373675,0.0018165978,1,1
0.0014336038,0.00205362,7.261382e-05,0.00027817118,0.97866094,2.8237557e-06,0.01726027,7.242059e-05,0.00015899602,6.486452e-06,4,4
0.9948742,3.4169113e-06,2.589659e-07,0.00021904614,0.00026956396,1.0680394e-06,0.00045185228,0.00055953185,1.2128284e-06,0.0036198618,0,0
1.4349807e-13,1.7510622e-05,0.99992526,1.1828061e-16,4.9238332e-11,4.322341e-06,4.2911524e-05,2.0796222e-07,2.0478917e-13,9.835148e-06,2,2
0.0011020525,0.00028875485,1.1720909e-05,3.425938e-05,0.949704,1.6392221e-06,0.048843812,1.0877816e-05,2.4285882e-06,5.294025e-07,4,4
6.598638e-08,0.9957858,0.00019064016,7.584502e-05,0.0003450943,6.691916e-10,5.586136e-06,2.4289296e-08,0.0035217598,7.530475e-05,1,1
0.0051273177,0.0020190668,0.00027452616,0.002036921,0.00019725725,4.2082167e-05,0.0006551376,0.0025838153,6.271696e-05,0.98700106,9,9
0.007169105,0.003536482,0.0008099366,0.002801496,0.0004016381,0.0001546782,0.0015129753,0.0051646335,0.00013491478,0.9783141,9,9
5.030954e-05,0.002176524,4.2931686e-05,0.98499805,0.0018743699,0.0005642739,4.7963367e-05,0.00017268435,0.0065343655,0.0035384493,3,3
5.4344525e-11,0.00017338054,0.9993709,2.0543949e-13,5.803927e-09,4.7736252e-05,0.00029932256,4.1746694e-06,8.8716735e-11,0.00010456749,2,2
0.010566779,0.0076024993,0.0029359243,0.0042038877,0.0009828738,0.00064766256,0.0040519834,0.010995878,0.00036353225,0.957649,9,9
9.866748e-06,2.3884397e-09,1.7920913e-05,1.1811766e-07,1.3731375e-05,5.9696282e-05,7.534969e-05,0.99976474,5.6436358e-05,2.1690457e-06,7,7
4.8699075e-08,0.99636614,0.00017971639,5.9451548e-05,0.00029149605,5.048082e-10,4.765024e-06,1.8848363e-08,0.0030317775,6.657248e-05,1,1
3.0082982e-05,0.0016249893,2.9159148e-05,0.9881004,0.0013270703,0.00045063018,2.933694e-05,0.00012264372,0.005511993,0.0027736744,3,3
0.99527115,2.8477448e-06,2.0676718e-07,0.00019530553,0.00023514507,8.629278e-07,0.0003948352,0.0005040391,1.0131835e-06,0.0033945458,0,0
2.9473467e-06,3.163881e-10,5.83252e-06,2.4005194e-08,3.9491874e-06,2.266328e-05,3.3267752e-05,0.99991095,1.9761761e-05,6.082484e-07,7,7
4.1279483e-05,5.1004037e-07,1.55282e-05,1.0280028e-09,0.0020343477,0.00015458159,0.99775213,1.5353007e-06,1.2984798e-12,2.4571968e-08,6,6
0.0038471152,0.0013232497,0.00011052774,0.0015820151,0.000111126916,1.3306119e-05,0.0003222972,0.0013966254,3.4255474e-05,0.99125963,9,9
1.5803465e-06,2.8863851e-06,0.0003212254,0.00067956315,0.00014711007,0.99284065,0.0006289234,0.005208437,5.8438764e-07,0.00016902386,5,5
4.9723526e-06,0.0025008225,3.2818403e-05,0.0011624405,0.020738913,1.1166714e-08,1.0026986e-06,0.000120453464,0.975421,1.7509577e-05,8,8
0.000118564865,5.181931e-06,0.0001266707,1.3351151e-08,0.0036764485,0.000604392,0.9954567,1.1669624e-05,6.192629e-11,4.0510292e-07,6,6
0.014055903,0.03996348,0.035898674,0.0052507324,0.0041954853,0.005242154,0.022127027,0.029141422,0.001976868,0.8421483,9,6
0.0016344222,0.0006906917,3.156545e-05,9.355639e-05,0.95321876,3.587662e-06,0.04428345,2.9628545e-05,1.2310223e-05,1.9578652e-06,4,4
9.72377e-06,0.000844271,1.2448118e-05,0.99279565,0.00061981654,0.0002794121,9.996402e-06,5.8162295e-05,0.0037520614,0.0016185974,3,3
5.658237e-05,4.477547e-08,9.1702386e-05,1.1775976e-06,8.333496e-05,0.00024404672,0.00024766047,0.9990074,0.0002544009,1.3697165e-05,7,7
1.4213135e-14,7.092974e-06,0.999967,6.4027977e-18,7.678971e-12,1.7108989e-06,2.0310967e-05,6.5313316e-08,1.880537e-14,3.8946137e-06,2,2
0.0031148295,0.0014244404,9.688678e-05,0.00022552068,0.93209964,1.3854502e-05,0.062889144,9.039975e-05,3.7462778e-05,7.685357e-06,4,4
0.003014741,0.0009618091,5.3669275e-05,0.0012705752,7.0454276e-05,5.14425e-06,0.00018349597,0.00084328005,2.085069e-05,0.9935761,9,9
4.584163e-06,6.7657265e-06,0.00058928377,0.0010309863,0.00029594137,0.98785573,0.0011572908,0.008724466,1.534321e-06,0.00033343228,5,5
0.0024076004,0.001828064,9.422311e-05,0.00028807644,0.95957065,7.772095e-06,0.03561656,9.3117655e-05,8.553794e-05,8.337135e-06,4,4
0.0018005985,0.0027515294,0.00011060417,0.00040804705,0.9764416,4.4391027e-06,0.018079182,0.0001145457,0.00027839158,1.1097909e-05,4,4
7.4077266e-06,1.4780334e-09,1.3725001e-05,8.095488e-08,1.021551e-05,4.742548e-05,6.204946e-05,0.9998135,4.402043e-05,1.6039763e-06,7,7
7.421726e-07,0.001272184,7.227825e-06,0.0005501572,0.01150751,7.934094e-10,1.3313186e-07,2.6657766e-05,0.9866316,3.8818666e-06,8,8
1.5010285e-05,0.0010883153,1.7272285e-05,0.99127066,0.0008308954,0.0003348513,1.51127e-05,7.741123e-05,0.0043582227,0.0019922832,3,3
0.002353941,0.0028532697,0.00013721378,0.00045888615,0.96921843,7.4967525e-06,0.024563506,0.00014208975,0.00025090892,1.4153895e-05,4,4
0.009404536,0.057660244,0.48262426,0.00089921383,0.028820638,0.06708762,0.21143387,0.07539247,0.0033226965,0.06335448,2,2
4.706513e-06,6.9197426e-10,9.004422e-06,4.4514287e-08,6.398416e-06,3.2966695e-05,4.5649318e-05,0.99987054,2.9691353e-05,9.9517e-07,7,7
3.7534798e-07,0.0010084442,4.213059e-06,0.00042374624,0.009313247,3.0833275e-10,6.486888e-08,1.541992e-05,0.98923206,2.2747656e-06,8,8
1.39017e-05,0.0010407729,1.6301445e-05,0.9915623,0.0007889836,0.00032422712,1.4047445e-05,7.3591276e-05,0.0042451546,0.0019205975,3,3
5.160246e-05,0.0022079402,4.37587e-05,0.9848245,0.0019065328,0.00057063124,4.9141974e-05,0.00017563158,0.0065889806,0.0035811316,3,3
0.0017420956,0.0018407691,7.542594e-05,0.00026247549,0.9719748,4.118778e-06,0.023912342,7.431196e-05,0.000107123386,6.5557288e-06,4,4
0.007473625,0.0017019146,0.0003459307,0.0017618546,0.00021905745,7.057419e-05,0.0009369458,0.0039237887,5.5753335e-05,0.9835106,9,9
0.000540573,3.929799e-05,0.00017771512,3.2709247e-07,0.020478329,0.00049783057,0.97824323,2.1136933e-05,2.4208873e-09,1.5818825e-06,6,6
0.00011045657,0.0029965178,4.3123277e-05,0.9802069,0.0023273472,0.0003219447,5.9222457e-05,0.00020788849,0.008093805,0.0056328657,3,3
0.004115326,0.0014551834,0.00013665848,0.0016761706,0.00012682285,1.747681e-05,0.0003804461,0.0016159231,3.9334e-05,0.99043673,9,9
9.288364e-09,0.00030831483,2.3182189e-07,0.00011279123,0.0029447537,1.9677196e-12,1.3703918e-09,7.637137e-07,0.9966331,1.3332003e-07,8,8
0.0008412258,0.002506163,6.0767285e-05,0.00029624492,0.98835796,1.011307e-06,0.007483312,6.303311e-05,0.00038459725,5.6762974e-06,4,4
9.760884e-05,8.3785504e-05,0.0035653405,0.0030258177,0.0022759172,0.9461062,0.0075251716,0.03505902,2.1985534e-05,0.0022391554,5,5
0.97354656,3.1390115e-05,3.7682096e-06,0.0032144473,0.0013860149,3.139206e-05,0.0016788425,0.0033715144,1.9930616e-05,0.0167161,0,0
0.009680074,0.03794676,0.20379052,0.0014072636,0.004133208,0.040100276,0.06972196,0.072524704,0.0011579433,0.5595373,9,9
0.002305618,0.024167446,0.0011785527,0.005435852,0.8661233,8.868797e-06,0.0029851587,0.0021094389,0.09540379,0.00028200747,4,4
1.195301e-06,0.028595865,1.46654065e-05,0.0008762357,0.0174189,1.7839848e-10,4.9349916e-07,3.1465506e-06,0.9530799,9.548698e-06,8,8
6.0638524e-07,1.3514147e-06,0.00018731694,0.0004592983,7.8922705e-05,0.99557793,0.0003703966,0.0032330607,2.404416e-07,9.097324e-05,5,5
2.3432995e-07,0.0008612547,2.9039263e-06,0.0003547428,0.008045554,1.6072478e-10,3.9526135e-08,1.0546045e-05,0.9907231,1.5753135e-06,8,8
7.842201e-08,2.728906e-07,6.0279333e-05,0.00019012512,2.1254607e-05,0.9984515,0.00012627653,0.0011266212,3.4125755e-08,2.3667466e-05,5,5
0.0008756019,0.020438278,0.00054526166,0.0035128074,0.8368365,1.4152927e-06,0.00097218005,0.0009875561,0.13571091,0.000119577155,4,4
0.99470913,3.669179e-06,2.8278941e-07,0.00022909125,0.0002843535,1.160908e-06,0.00047632537,0.0005828471,1.3011576e-06,0.0037118907,0,0
0.015349282,0.0193419,0.014813559,0.0014585058,0.6977605,0.0020180761,0.23712352,0.009079521,0.0017888596,0.0012661703,4,4
5.18214e-07,0.00014092698,1.23939e-06,0.99794585,7.7699566e-05,7.554904e-05,5.490631e-07,8.31928e-06,0.0013395936,0.0004097001,3,3
1.0725206e-07,3.4798754e-07,7.159305e-05,0.00021837326,2.594326e-05,0.9981785,0.00014823876,0.0013276781,4.6209642e-08,2.9137404e-05,5,5
0.00017610703,7.2436574e-06,0.00014352602,2.6645306e-08,0.004843034,0.00071517465,0.994099,1.5285399e-05,1.3565488e-10,5.8644673e-07,6,6
0.00407085,0.0014328237,0.00013205461,0.0016605217,0.0001241375,1.6726708e-05,0.00037039694,0.0015784557,3.8461432e-05,0.99057555,9,9
0.0036980938,0.0012532133,9.777134e-05,0.0015289863,0.000102955695,1.1352392e-05,0.00029284155,0.0012830468,3.1605447e-05,0.9917001,9,9
0.0030662664,0.0009825336,5.639076e-05,0.0012900128,7.267697e-05,5.4948027e-06,0.00019071746,0.00087328604,2.1571677e-05,0.99344105,9,9
0.9817599,2.5135434e-05,2.5748257e-06,0.00087050465,0.0007232277,7.108603e-06,0.0011248726,0.001923045,1.0901172e-05,0.0135527635,0,0
2.7871354e-05,0.0015555115,2.753052e-05,0.9885006,0.0012606416,0.00043599133,2.727348e-05,0.000116582945,0.0053731333,0.0026749396,3,3
0.023235349,0.056168653,0.0870766,0.0150347175,0.31658077,0.0068894587,0.0313663,0.16930965,0.2721817,0.022156708,4,2
0.00012414459,5.2662494e-06,0.00012463155,1.429551e-08,0.0038095796,0.0006054229,0.9953187,1.1731337e-05,6.5934945e-11,4.0974163e-07,6,6
0.0006136589,0.0017765814,3.5622114e-05,0.00018514652,0.9903841,5.422417e-07,0.0067662396,3.4946013e-05,0.00020019666,2.8927159e-06,4,4
3.385018e-05,0.45187873,0.0004552013,0.009801001,0.035662245,6.432355e-08,5.1162675e-05,1.7949515e-05,0.50164926,0.0004505189,8,8
6.655162e-06,1.2354192e-09,1.242363e-05,7.029231e-08,9.146616e-06,4.3519867e-05,5.7708094e-05,0.99982893,4.0113413e-05,1.432929e-06,7,7
2.208248e-07,0.9949745,0.001381179,5.8013873e-05,0.000451415,1.3640315e-08,3.230871e-05,2.2563096e-07,0.0027977533,0.00030436955,1,1
0.003123346,0.0004051577,7.928579e-05,2.9980056e-05,0.66608125,4.054708e-05,0.33019292,4.3854514e-05,9.645836e-07,2.6640093e-06,4,6
6.336485e-07,1.3991338e-06,0.0001919898,0.00046778735,8.1201775e-05,0.99547833,0.0003793657,0.0033054613,2.5054868e-07,9.3613606e-05,5,5
0.00020304286,2.349223e-06,2.7985128e-05,1.890767e-08,0.006617842,0.0002928494,0.992851,4.823765e-06,3.594259e-11,1.2154625e-07,6,6
0.07265074,0.02526881,0.088919364,0.000305548,0.006207037,0.006408853,0.19137788,0.059111897,0.00022914742,0.54952085,9,0
3.8612866e-06,5.8941127e-06,0.00053409516,0.0009653673,0.00026429226,0.98884165,0.0010473569,0.008037083,1.3153701e-06,0.00029905513,5,5
2.6770342e-12,5.4493277e-05,0.9997875,4.6994455e-15,5.1689497e-10,1.406222e-05,0.00011132255,9.07703e-07,4.128461e-12,3.162268e-05,2,2
2.3200732e-10,0.00030169563,0.998934,1.2644599e-12,1.8619588e-08,8.6313434e-05,0.00048364958,8.742857e-06,3.8597314e-10,0.00018571266,2,2
8.52998e-05,0.0029277883,6.385127e-05,0.98091596,0.0026691076,0.0007138721,7.950861e-05,0.00024576287,0.007759735,0.0045390516,3,3
6.098385e-07,1.3574822e-06,0.00018791354,0.00046038732,7.921326e-05,0.995565,0.00037154136,0.0032423232,2.4172417e-07,9.131e-05,5,5
0.0005351124,0.033228792,0.0014782664,0.0086872885,0.09994182,4.271617e-06,0.00020146578,0.0021636179,0.85292244,0.0008370577,8,8
2.9380539e-05,0.0016031795,2.8645196e-05,0.98822594,0.001306153,0.00044604443,2.8682263e-05,0.00012073508,0.0054686847,0.002742748,3,3
6.875886e-14,1.3142631e-05,0.9999423,4.679255e-17,2.7260534e-11,3.2168605e-06,3.3806435e-05,1.4377711e-07,9.591924e-14,7.326649e-06,2,2
1.3887566e-12,4.227983e-05,0.99983215,2.0594888e-15,3.0507213e-10,1.0785578e-05,8.983212e-05,6.517221e-07,2.1087054e-12,2.4346366e-05,2,2
0.0106246155,0.007692941,0.0029906346,0.0042292033,0.0009959864,0.0006604001,0.004109216,0.011108701,0.00036898974,0.9572195,9,9
0.006394134,0.0028937561,0.00055831054,0.0025048077,0.00031330212,9.977552e-05,0.001135588,0.004091951,0.00010301698,0.98190534,9,9
0.9901468,1.4118951e-05,1.4955745e-06,0.00053453265,0.00078162516,5.627352e-06,0.0012933378,0.0012606625,4.914118e-06,0.0059567657,0,0
0.00014591007,1.1391285e-06,9.46186e-06,8.922093e-09,0.007983666,0.00010612269,0.99175197,1.6687704e-06,1.0064903e-11,3.2592055e-08,6,6
0.9953772,2.7046135e-06,1.9400609e-07,0.00018906545,0.00022622928,8.123937e-07,0.0003800499,0.0004893557,9.628911e-07,0.00333332,0,0
3.9618717e-05,3.7129496e-07,1.0703865e-05,8.280057e-10,0.00204286,0.0001252725,0.99778,1.130912e-06,8.4176584e-13,1.6345393e-08,6,6
0.003069997,0.0009840423,5.6591416e-05,0.0012914193,7.2839386e-05,5.520843e-06,0.00019124684,0.0008754787,2.1624437e-05,0.99343115,9,9
0.0023641128,0.00071600603,2.651777e-05,0.0010248609,4.5426666e-05,1.988205e-06,0.000105764506,0.000509265,1.291232e-05,0.995193,9,9
0.9950706,3.1287566e-06,2.322589e-07,0.00020722777,0.00025233344,9.633964e-07,0.00042331996,0.00053197786,1.1118177e-06,0.003509138,0,0
0.00019218298,4.0256856e-07,0.00035151772,5.090859e-06,0.0003246085,0.0007514985,0.00059415546,0.99714357,0.00058546104,5.1492887e-05,7,7
0.0022836335,0.0025574174,0.00012181933,0.00040433477,0.9684741,7.0467154e-06,0.025818942,0.00012444136,0.00019625678,1.2069825e-05,4,4
3.1658277e-05,1.6871848e-08,5.321007e-05,5.483844e-07,4.5752426e-05,0.00015261341,0.00016647196,0.99938786,0.0001544548,7.414841e-06,7,7
0.06274452,0.0022015965,0.0004137391,0.0048071328,0.0008429072,0.00014090263,0.0024826762,0.010082085,0.00020272937,0.9160817,9,9
0.019867988,0.0026748865,0.0005462405,0.0035266792,0.0005351082,0.00013714192,0.0017982324,0.006817332,0.00015535683,0.96394104,9,9
3.7325375e-05,2.2248084e-08,6.2081155e-05,6.811073e-07,5.423295e-05,0.00017432023,0.00018628512,0.9992982,0.00017796482,8.823346e-06,7,7
3.141433e-05,2.2922951e-07,6.974324e-06,4.777874e-10,0.0017892112,9.436184e-05,0.99807703,7.4120567e-07,3.7247842e-13,9.133467e-09,6,6
0.0029285464,0.0026449983,0.00014917094,0.00045165265,0.9592573,1.1491732e-05,0.034209944,0.00015263664,0.00017915713,1.5182879e-05,4,4
0.0041380962,0.0014667005,0.00013905756,0.0016841843,0.00012821009,1.7870103e-05,0.00038565224,0.0016352694,3.9785296e-05,0.9903652,9,9
0.00081319164,0.76905257,0.035755042,0.009468786,0.055887036,0.000110280984,0.006515427,0.0011192983,0.10741043,0.013867847,1,6
7.272795e-07,3.055801e-11,1.5973644e-06,3.7796233e-09,9.346071e-07,7.4081972e-06,1.292752e-05,0.99997044,5.829786e-06,1.3965975e-07,7,7
0.004915002,0.0018915843,0.00023989513,0.0019603914,0.00018094218,3.55865e-05,0.0005899267,0.0023627144,5.7220128e-05,0.98776674,9,9
0.0005351159,0.0028038293,5.2382253e-05,0.00030657928,0.9918664,4.261828e-07,0.0035107783,6.045166e-05,0.0008589472,5.0377894e-06,4,4
0.012388179,0.010881546,0.005054054,0.0050240806,0.0014591351,0.0011330112,0.0061137113,0.014724507,0.000568401,0.94265336,9,9
0.001782116,0.0022192672,9.0439724e-05,0.00032257964,0.97407055,4.3248415e-06,0.021246044,9.09791e-05,0.00016526319,8.404106e-06,4,4
0.9955988,2.4180233e-06,1.6893738e-07,0.00017618813,0.00020801355,7.126027e-07,0.00034982097,0.00045891604,8.6207825e-07,0.0032040558,0,0
0.0012829948,0.0013388193,4.6046036e-05,0.00017060716,0.97605056,2.2494773e-06,0.020999787,4.3857977e-05,6.1591316e-05,3.5179005e-06,4,4
6.0630297e-05,0.0024179488,4.939829e-05,0.98367184,0.0021240534,0.00061288354,5.7339646e-05,0.00019558768,0.0069457544,0.0038644257,3,3
4.8617345e-08,0.98973936,2.2639966e-05,0.00026016615,0.0005201058,4.847227e-11,1.1861861e-06,4.840894e-09,0.0094344225,2.2030576e-05,1,1
0.0015151554,0.0012751955,0.031963926,0.004253989,0.014798954,0.758096,0.057465516,0.11708219,0.00023545187,0.013313642,5,5
1.5226341e-10,0.0002569709,0.9990854,7.464712e-13,1.3276435e-08,7.266933e-05,0.00042070463,7.0533924e-06,2.5206817e-10,0.00015722706,2,2
3.6126696e-07,9.504577e-12,8.370528e-07,1.4978732e-09,4.550513e-07,4.238991e-06,8.0570435e-06,0.99998283,3.1616596e-06,6.691912e-08,7,7
0.002816484,0.0008838519,4.4024102e-05,0.0011958065,6.2236635e-05,3.946368e-06,0.00015720085,0.0007326659,1.8206312e-05,0.99408555,9,9
1.9742e-06,1.6195029e-10,4.0233326e-06,1.4142931e-08,2.6131536e-06,1.644838e-05,2.537713e-05,0.99993515,1.3938394e-05,3.990799e-07,7,7
4.68217e-06,0.0024463031,3.1281026e-05,0.0011348643,0.02035707,1.0270963e-08,9.404138e-07,0.000114905444,0.9758933,1.6690072e-05,8,8
0.0033336012,0.0010932485,7.202658e-05,0.0013909377,8.479776e-05,7.6011383e-06,0.00023081986,0.0010372654,2.5542742e-05,0.9927241,9,9
0.0007534151,0.0013885986,3.276015e-05,0.00015062137,0.9868671,7.996321e-07,0.010678624,3.104302e-05,9.453615e-05,2.461021e-06,4,4
0.9948355,3.4756129e-06,2.6447358e-07,0.00022140768,0.00027302885,1.0895485e-06,0.0004575876,0.0005650213,1.2333891e-06,0.003641663,0,0
1.0004977e-08,0.001252823,0.9957728,1.3921395e-10,3.823112e-07,0.00040435663,0.0016920808,6.0049366e-05,1.7045613e-08,0.0008176521,2,2
4.3354643e-08,0.0004979239,7.708524e-07,0.00019162992,0.004760371,1.5843351e-11,6.77031e-09,2.6834182e-06,0.9945462,4.2854182e-07,8,8
4.1904066e-05,4.4514468e-07,1.2895764e-05,9.776694e-10,0.0020931344,0.00014028978,0.99771,1.3359964e-06,1.1113518e-12,2.0485658e-08,6,6
5.674035e-05,7.392571e-07,1.9275038e-05,1.882607e-09,0.0025266672,0.0001864007,0.99720806,2.0492134e-06,2.7672307e-12,3.725997e-08,6,6
1.111845e-10,0.00022792685,0.9991842,5.0358106e-13,1.0313715e-08,6.391589e-05,0.00037915364,6.009403e-06,1.8333393e-10,0.00013883665,2,2
1.4508352e-06,0.0016065311,1.2305231e-05,0.0007139906,0.014165552,2.0134618e-09,2.7061247e-07,4.5520654e-05,0.9834479,6.584858e-06,8,8
3.1210486e-05,0.0016595189,2.9977873e-05,0.98790246,0.0013603091,0.00045787523,3.0386454e-05,0.0001256772,0.005580044,0.0028225207,3,3
0.002852645,0.00089786126,4.5687844e-05,0.0012094442,6.3696076e-05,4.1477306e-06,0.00016182168,0.00075226487,1.8673432e-05,0.9939936,9,9
0.002120585,0.0006651121,0.0056196013,6.828629e-06,0.021762516,0.008084397,0.9609129,0.0007017966,3.5129372e-07,0.0001259258,6,6
0.00018436516,0.0001440848,0.005256963,0.0036974517,0.0034870622,0.9265964,0.011305816,0.0459796,3.7819296e-05,0.003310375,5,5
2.432041e-08,0.9968617,9.488545e-05,4.867015e-05,0.00022255455,1.534842e-10,2.3961109e-06,7.4237034e-09,0.0027311689,3.8661386e-05,1,1
1.3465578e-05,0.0010216131,1.5914276e-05,0.9916807,0.00077219604,0.00031992278,1.3627372e-05,7.2061026e-05,0.00419896,0.0018915656,3,3
8.555288e-06,0.0007829428,1.1301147e-05,0.9931908,0.0005684531,0.00026507245,8.850802e-06,5.347173e-05,0.0035882453,0.0015221693,3,3
0.0021206245,0.00045086246,0.0050998935,4.4354406e-06,0.016197331,0.008318753,0.9668231,0.0008572593,1.8749546e-07,0.00012749339,6,6
9.644175e-08,0.9952703,0.0002485523,8.977276e-05,0.00040769746,1.1714332e-09,7.70681e-06,3.8120234e-08,0.0038788086,9.7028074e-05,1,1
8.359666e-07,0.0013255111,7.943132e-06,0.00057605945,0.011940186,9.35951e-10,1.5097314e-07,2.9321578e-05,0.9861158,4.2628094e-06,8,8
0.98915976,1.6568221e-05,1.7943439e-06,0.0006032141,0.0008372003,6.5163176e-06,0.0013604318,0.0013963636,6.049175e-06,0.0066121025,0,0
1.0358958e-11,9.18045e-05,0.9996544,2.5706005e-14,1.5328789e-09,2.4330735e-05,0.00017345736,1.7998908e-06,1.6437471e-11,5.4170956e-05,2,2
0.00012726634,0.030248797,0.00045801795,0.65014374,0.027602307,0.0001147279,0.00011489959,0.00076604774,0.28611884,0.004305424,3,3
2.5335261e-05,0.001472699,2.5622589e-05,0.9889809,0.0011822663,0.00041842568,2.489879e-05,0.00010943523,0.0052040555,0.0025564218,3,3
1.5878199e-05,5.3006883e-09,2.7921908e-05,2.2106317e-07,2.2438195e-05,8.75106e-05,0.00010406422,0.9996532,8.5177846e-05,3.5806395e-06,7,7
1.5422835e-06,0.0016414988,1.2917853e-05,0.0007312951,0.01443639,2.192055e-09,2.887302e-07,4.778838e-05,0.9831215,6.9109083e-06,8,8
0.0060380637,0.00768422,0.12595296,0.0034795136,0.03415578,0.45483583,0.17387678,0.15811953,0.00085595786,0.03500135,5,2
2.8884712e-11,0.00013610703,0.99949956,9.303832e-14,3.4934144e-09,3.6906684e-05,0.00024302793,3.0278993e-06,4.6686058e-11,8.1390965e-05,2,2
9.4928296e-08,0.9952933,0.00024581974,8.9144196e-05,0.00040487468,1.1444128e-09,7.604134e-06,3.7410818e-08,0.0038632324,9.600859e-05,1,1
1.5767595e-05,0.0038537201,8.255147e-05,0.0018489911,0.029604772,5.5475706e-08,3.4468553e-06,0.00029531005,0.96425146,4.408934e-05,8,8
1.799623e-07,0.0007891335,2.358157e-06,0.00032144762,0.007411954,1.1165244e-10,2.9960983e-08,8.5197025e-06,0.99146503,1.2831206e-06,8,8
0.0011502072,0.0017192361,5.3182583e-05,0.00021518969,0.9815322,1.8301565e-06,0.015151985,5.1885054e-05,0.00011986365,4.407984e-06,4,4
0.0030606037,0.00031663658,0.0029102364,3.2862315e-06,0.014871705,0.0045950296,0.9734727,0.00064325065,1.04319156e-07,0.00012647062,6,6
2.299784e-06,0.00035576688,4.181192e-06,0.9961766,0.00023362032,0.00015742189,2.5509582e-06,2.2697079e-05,0.0022385605,0.0008063641,3,3
2.2242997e-08,0.9969416,8.914471e-05,4.6775687e-05,0.00021398821,1.3454454e-10,2.2213894e-06,6.6768777e-09,0.0026697074,3.6423e-05,1,1
4.764837e-09,0.9980222,3.0381545e-05,2.3563218e-05,0.00010866828,1.3874336e-11,6.016619e-07,1.0720101e-09,0.0018016839,1.3017053e-05,1,1
6.394801e-06,0.9706397,0.01752179,0.00022304908,0.0018722491,2.438459e-06,0.0006335186,1.4126434e-05,0.0059207566,0.0031659596,1,1
1.225299e-07,0.99490756,0.00029382622,9.984566e-05,0.00045290354,1.6677578e-09,9.441606e-06,5.0657952e-08,0.004122359,0.00011385075,1,1
5.8968135e-06,0.00062791555,8.530859e-06,0.99421954,0.00044198846,0.00022785706,6.2161116e-06,4.1901072e-05,0.0031474591,0.0012726737,3,3
9.058546e-06,1.1728714e-05,0.00087268197,0.0013311221,0.0004644221,0.9830321,0.0017299433,0.012033878,2.810803e-06,0.000512286,5,5
6.799478e-05,0.0065067373,0.000264118,0.0032859284,0.046143282,4.2579188e-07,1.6364518e-05,0.00093025726,0.942644,0.00014079444,8,8
0.00010301737,0.003252511,7.358466e-05,0.97918516,0.0030277309,0.00077724014,9.526714e-05,0.00027891138,0.008246182,0.0049604755,3,3
0.0016242606,0.004508721,0.0001641106,0.00068446365,0.981413,3.7007803e-06,0.010318562,0.0001869008,0.0010765475,1.9598367e-05,4,4
3.204897e-08,0.996599,0.00011507171,5.5022723e-05,0.0002512544,2.3059077e-10,3.0278434e-06,1.0302307e-08,0.0029301408,4.6486522e-05,1,1
0.0002663757,1.7864842e-05,0.00031909984,7.248248e-08,0.0061562425,0.0011911133,0.9920149,3.2605534e-05,6.133752e-10,1.7186817e-06,6,6
0.0012310545,0.00031416176,0.0026588799,2.4704266e-06,0.018213458,0.0043542176,0.97290957,0.00027563784,8.359872e-08,4.0456845e-05,6,6
0.00023307091,0.005103794,0.00013599976,0.9695285,0.005214244,0.0011291084,0.00020848196,0.00048323936,0.010690556,0.007273034,3,3
2.7049578e-06,2.7411107e-10,5.3864833e-06,2.1434431e-08,3.6148865e-06,2.1159365e-05,3.139352e-05,0.9999168,1.8338975e-05,5.557561e-07,7,7
5.768878e-06,9.726475e-10,1.0878281e-05,5.821991e-08,7.892885e-06,3.8807593e-05,5.238773e-05,0.99984753,3.5433455e-05,1.2328323e-06,7,7
0.09375871,0.0006297835,0.0021582597,0.00015321116,0.02822269,0.009105285,0.8495529,0.009706248,1.3234231e-06,0.006711562,6,9
0.00045682729,0.017522478,0.5221549,8.69912e-06,0.004694617,0.035856664,0.40425295,0.007208277,1.8043416e-05,0.007826455,2,6
0.9951225,3.0547073e-06,2.2548704e-07,0.00020412628,0.00024784272,9.3676573e-07,0.0004158806,0.0005247238,1.0858396e-06,0.003479616,0,0
0.0006584515,0.004606402,0.0001512917,0.96400917,0.006656419,0.0014855622,0.00035829959,0.00090106396,0.009403704,0.01176966,3,3
1.3773002e-13,1.7232915e-05,0.9999262,1.123218e-16,4.7641533e-11,4.25167e-06,4.2344058e-05,2.0372272e-07,1.9631508e-13,9.675062e-06,2,2
9.4668763e-07,4.7456216e-11,2.0381867e-06,5.3558904e-09,1.2259569e-06,9.14368e-06,1.5447577e-05,0.99996364,7.3399538e-06,1.84273e-07,7,7
2.5631464e-06,0.010415902,0.9672647,1.4808352e-07,3.2724805e-05,0.00376777,0.01024044,0.0009813759,4.886826e-06,0.0072895247,2,2
2.4977487e-07,5.134129e-12,5.9542714e-07,9.190193e-10,3.1138035e-07,3.1581776e-06,6.277678e-06,0.9999871,2.2889317e-06,4.5392778e-08,7,7
4.1465937e-06,5.598784e-10,8.005523e-06,3.7665075e-08,5.6150084e-06,2.978594e-05,4.19022e-05,0.99988306,2.65959e-05,8.71017e-07,7,7
3.2794414e-06,0.002148983,2.3548833e-05,0.0009848722,0.018234557,6.2593353e-09,6.435207e-07,8.684213e-05,0.97850466,1.2570401e-05,8,8
3.0045146e-07,0.99322426,0.0005498507,0.00014870171,0.0006714699,6.264472e-09,2.0197747e-05,1.4698574e-07,0.0051778527,0.0002072034,1,1
2.6210117e-07,0.0042382698,0.98591423,8.1376434e-09,5.2503087e-06,0.0015526576,0.005039765,0.00032206654,4.4411004e-07,0.0029269967,2,2
2.7282393e-08,0.00043025144,5.366206e-07,0.00016284462,0.0041208137,8.434447e-12,4.1825983e-09,1.8400502e-06,0.9952832,3.0101685e-07,8,8
0.00062513986,0.0011807206,2.4882927e-05,0.00011959716,0.9882839,5.539615e-07,0.009668335,2.3065304e-05,7.2048875e-05,1.7474107e-06,4,4
0.99471164,3.6652434e-06,2.824147e-07,0.00022893654,0.0002841246,1.1594504e-06,0.00047594693,0.0005824888,1.2997806e-06,0.0037104879,0,0
0.0036557168,0.009478523,0.0005706229,0.0019666366,0.9644087,1.8489627e-05,0.015054271,0.00073062966,0.0040231836,9.3192946e-05,4,4
0.00052687444,0.00035966517,0.010102636,0.0050417166,0.0070283664,0.8775193,0.02227973,0.070742995,9.2740374e-05,0.0063059097,5,5
2.7759643e-07,0.00091130636,3.3194885e-06,0.0003780588,0.008480359,2.0312321e-10,4.7228422e-08,1.2091709e-05,0.99021286,1.7975224e-06,8,8
0.0056976303,0.0023877202,0.00038485293,0.0022450758,0.00024540586,6.372836e-05,0.000851514,0.0032235254,7.9194375e-05,0.9848215,9,9
3.7835225e-12,6.227986e-05,0.9997595,7.25795e-15,6.825074e-10,1.6175401e-05,0.00012466816,1.0811088e-06,5.8802325e-12,3.62922e-05,2,2
0.0005737099,0.0019598699,3.7288177e-05,0.00020225812,0.9911969,4.779493e-07,0.005719634,3.7218473e-05,0.00026956527,3.1275483e-06,4,4
5.2147602e-11,0.00017066467,0.99938023,1.9508726e-13,5.614713e-09,4.694044e-05,0.00029527495,4.087981e-06,8.507737e-11,0.00010287151,2,2
6.7337844e-08,2.4249658e-07,5.5449458e-05,0.00017765618,1.9292811e-05,0.99856925,0.000116856834,0.0010397319,2.943041e-08,2.138507e-05,5,5
1.147889e-07,0.99500966,0.0002807256,9.6993135e-05,0.00044010705,1.5146571e-09,8.933309e-06,4.6879894e-08,0.0040545044,0.00010899566,1,1
0.0013154971,0.00022658438,0.002651704,1.7802934e-06,0.013642346,0.005038316,0.97671854,0.0003593153,5.448331e-08,4.58476e-05,6,6
0.9892252,1.5866395e-05,1.6820818e-06,0.00059557974,0.0007815231,6.017738e-06,0.0012555507,0.0013726527,6.0058182e-06,0.006739933,0,0
0.003405201,0.0019681486,0.00012874615,0.00034739805,0.94272155,1.5451858e-05,0.051191323,0.00012863988,8.161703e-05,1.1969618e-05,4,4
0.00011542593,2.2389283e-06,4.497064e-05,8.401347e-09,0.0039483006,0.0003468054,0.9955369,5.2419764e-06,2.123786e-11,1.3734522e-07,6,6
1.7792749e-05,0.0012012036,1.9634352e-05,0.99058634,0.0009318458,0.0003597957,1.7772094e-05,8.6610584e-05,0.004618443,0.0021606483,3,3
7.6235025e-08,0.00059638906,1.1998906e-06,0.00023455801,0.0056746267,3.4276932e-11,1.2194893e-08,4.246361e-06,0.9934882,6.606882e-07,8,8
0.99190056,9.328139e-06,8.959014e-07,0.00041198556,0.0005726496,3.4623201e-06,0.0009510841,0.0009945508,3.265964e-06,0.005152293,0,0
0.00020426005,8.113487e-06,0.00014978914,3.437514e-08,0.0053478284,0.00076653354,0.9935057,1.7104947e-05,1.7930538e-10,6.707595e-07,6,6
1.5384183e-08,0.99724895,6.88955e-05,3.9701692e-05,0.0001819673,7.811051e-11,1.6250098e-06,4.309754e-09,0.0024301617,2.8472756e-05,1,1
7.755144e-10,0.00047718635,0.9983444,5.71806e-12,4.9070163e-08,0.00014144114,0.0007217761,1.6192362e-05,1.3050991e-09,0.0002990459,2,2
0.0002356029,0.011495556,0.0007135728,0.005585226,0.070450254,2.2539261e-06,6.527655e-05,0.0022153205,0.9088545,0.0003824521,8,8
1.8861321e-05,0.96373594,0.014910869,0.00068808126,0.0037091265,4.463112e-06,0.0008788545,2.6929107e-05,0.011981723,0.004045255,1,1
8.8933055e-10,0.00050261087,0.99825937,6.7853067e-12,5.477351e-08,0.00014960671,0.0007553816,1.736699e-05,1.4982379e-09,0.00031563613,2,2
1.5839391e-06,1.1209615e-10,3.2811438e-06,1.0573177e-08,2.0827379e-06,1.3793345e-05,2.1869275e-05,0.9999455,1.1502865e-05,3.1658033e-07,7,7
6.9709626e-05,1.3356228e-06,3.4673485e-05,3.3341692e-09,0.0027893109,0.00026772427,0.99683374,3.4962345e-06,6.9946987e-12,7.727481e-08,6,6
3.0606898e-05,9.741652e-06,0.001281958,0.0020392262,0.0008795271,0.9021943,0.0011240272,0.091421664,2.1336858e-05,0.000997637,5,5
0.0015753901,0.0010293344,4.264233e-05,0.00013861185,0.96469337,3.3474291e-06,0.032444105,4.0246203e-05,2.9929924e-05,3.0155966e-06,4,4
0.9932111,6.3699335e-06,5.591113e-07,0.0003241412,0.00043009708,2.2146626e-06,0.00071680284,0.0007994565,2.2421684e-06,0.004506897,0,0
7.857629e-12,8.254252e-05,0.9996872,1.8171366e-14,1.2276926e-09,2.17502e-05,0.00015841388,1.5647797e-06,1.2400821e-11,4.8536003e-05,2,2
1.1947461e-05,3.2908998e-09,2.1417442e-05,1.51987e-07,1.672937e-05,6.9617345e-05,8.57902e-05,0.99972504,6.6605055e-05,2.6533648e-06,7,7
3.6255219e-07,0.99279225,0.0006269364,0.00016163921,0.0007291816,8.2655855e-09,2.3684532e-05,1.8372795e-07,0.0054308977,0.00023488264,1,1
0.9927061,7.445146e-06,6.7798425e-07,0.00035754274,0.00048350164,2.658583e-06,0.0008046634,0.00087413593,2.6149703e-06,0.0047605787,0,0
1.4522755e-06,0.00013226613,1.5805458e-06,0.99785656,0.00011404674,0.00012627954,1.1441178e-06,1.6343227e-05,0.0011331716,0.0006170582,3,3
0.03416113,0.0044751074,0.008866186,0.003649332,0.002772063,0.0043842443,0.011425353,0.09486381,0.0007464426,0.8346565,9,9
0.9926817,7.4992763e-06,6.840823e-07,0.00035917503,0.0004861376,2.6812397e-06,0.00080899673,0.00087776873,2.633714e-06,0.004772696,0,0
0.99142843,1.0525088e-05,1.0401034e-06,0.0004444583,0.00062696333,3.9884167e-06,0.0010401595,0.0010656831,3.6787337e-06,0.005374885,0,0
2.396843e-06,4.023154e-06,0.00040686878,0.00080184446,0.00019319827,0.99118936,0.0007961601,0.006384545,8.548065e-07,0.00022072857,5,5
1.7056515e-12,4.5779598e-05,0.99981934,2.6668002e-15,3.598492e-10,1.1719403e-05,9.606955e-05,7.2293716e-07,2.6028127e-12,2.6424847e-05,2,2
1.3315962e-09,0.00058562786,0.9979824,1.12354605e-11,7.574042e-08,0.0001765387,0.00086389424,2.1351234e-05,2.249767e-09,0.0003700588,2,2
8.630667e-06,0.000787005,1.1376261e-05,0.9931646,0.0005718328,0.0002660283,8.924902e-06,5.3780488e-05,0.0035992633,0.001528593,3,3
0.0012177604,5.771806e-05,0.00017317953,1.1951627e-06,0.033606023,0.00067631266,0.9642323,3.2883214e-05,8.214952e-09,2.593789e-06,6,6
0.0008568566,0.0017296271,4.3658463e-05,0.00019838284,0.986497,1.0336505e-06,0.010478746,4.261032e-05,0.00014857933,3.5704754e-06,4,4
0.990889,1.14147615e-05,1.1306672e-06,0.00047807666,0.00063058536,4.1982066e-06,0.0010268526,0.0011293165,4.205484e-06,0.005825164,0,0
0.0016246467,3.539169e-05,0.0041948026,0.0003986982,0.004473289,0.015828017,0.0028126324,0.964096,0.005439768,0.0010967788,7,7
8.072472e-06,0.0029920992,4.83241e-05,0.0014115167,0.024086319,2.1900068e-08,1.6824017e-06,0.0001758737,0.9712503,2.5782512e-05,8,8
1.0224944e-12,3.7553003e-05,0.99984944,1.4013377e-15,2.3854446e-10,9.531412e-06,8.128958e-05,5.584836e-07,1.540783e-12,2.1548449e-05,2,2
8.9508063e-07,4.321628e-11,1.9352503e-06,4.9733715e-09,1.157224e-06,8.743482e-06,1.4873633e-05,0.9999652,6.989231e-06,1.7372659e-07,7,7
0.0033328687,0.002296105,0.00014453116,0.00040498062,0.9489323,1.4814817e-05,0.044596493,0.00014593784,0.00011782518,1.4134376e-05,4,4
3.2001736e-08,0.99660045,0.0001149533,5.498671e-05,0.00025109184,2.3009025e-10,3.0240644e-06,1.0284299e-08,0.0029290414,4.6440815e-05,1,1
1.4114551e-08,0.99731594,6.487096e-05,3.820928e-05,0.00017520439,6.8792694e-11,1.5105636e-06,3.890793e-09,0.0023773513,2.6880996e-05,1,1
1.0112145e-05,0.01626545,9.8001336e-05,0.71967316,0.0075891265,2.0678232e-05,1.0943641e-05,0.00012398104,0.25475326,0.0014553451,3,3
3.5076735e-06,0.000459781,5.7578886e-06,0.99539846,0.0003109601,0.00018536676,3.800473e-06,2.9856112e-05,0.0026124083,0.0009900442,3,3
0.0036273003,0.0012213044,9.2346796e-05,0.0015021219,9.927851e-05,1.0536659e-05,0.0002801162,0.0012333237,3.0367479e-05,0.99190325,9,9
4.674906e-06,7.608476e-06,0.00079512293,9.8611876e-05,0.00054800545,0.9824055,0.013802533,0.002246833,4.186504e-08,9.112074e-05,5,5
5.6867464e-08,0.0005428568,9.534145e-07,0.00021107713,0.005179934,2.29486e-11,8.9818615e-09,3.3462397e-06,0.9940614,5.2749857e-07,8,8
0.9720009,5.112046e-05,6.0819903e-06,0.0012289867,0.0010761453,1.4108008e-05,0.0017944115,0.0028915445,1.9607794e-05,0.020917235,0,0
1.1081829e-13,1.5832746e-05,0.9999317,8.540378e-17,4.000471e-11,3.8961257e-06,3.946105e-05,1.8266356e-07,1.5691472e-13,8.869068e-06,2,2
7.3703195e-06,9.923885e-06,0.00077452284,0.0012331691,0.00040506673,0.98466253,0.0015301602,0.0109248515,2.3421965e-06,0.00044999583,5,5
0.9944601,4.0668347e-06,3.211272e-07,0.0002444185,0.00030716474,1.309515e-06,0.0005140435,0.0006182488,1.4402165e-06,0.0038489064,0,0
5.241989e-10,0.00036705687,0.9985499,3.1158713e-12,3.561459e-08,0.00013227966,0.00069471914,1.4759416e-05,6.857609e-10,0.00024133435,2,2
1.6524335e-05,0.18255481,0.00015776182,0.005846941,0.035773415,1.2386173e-08,1.3334399e-05,1.4057228e-05,0.77547824,0.000144907,8,8
0.79482335,0.00049543177,7.262224e-05,0.0050490205,0.002303427,8.421797e-05,0.0044445833,0.011035434,0.00013485938,0.18155704,0,9
0.99508625,3.1062934e-06,2.302007e-07,0.0002062899,0.000250974,9.553063e-07,0.00042106802,0.0005297852,1.1039385e-06,0.0035002306,0,0
2.9825303e-06,3.2272715e-10,5.8970527e-06,2.4384128e-08,3.997794e-06,2.2879534e-05,3.3535616e-05,0.9999101,1.9966983e-05,6.158874e-07,7,7
3.3662857e-07,0.0009721451,3.8656376e-06,0.00040661037,0.009003671,2.652006e-10,5.7845593e-08,1.4125385e-05,0.98959714,2.0892883e-06,8,8
0.0026436541,0.003516859,0.00017951166,0.0005951675,0.9685037,9.4577e-06,0.02395361,0.00019102356,0.00038687605,2.0071699e-05,4,4
0.0012618352,3.637709e-05,4.392214e-05,1.0453223e-06,0.11156785,0.00012055004,0.8869548,1.3072879e-05,6.3606023e-09,5.4417524e-07,6,6
1.4525861e-05,0.0010677391,1.6850325e-05,0.9913967,0.000812711,0.00033026232,1.4647638e-05,7.575393e-05,0.004309555,0.0019613178,3,3
8.590116e-05,0.01994663,0.9037635,7.737677e-06,0.0006322473,0.016001206,0.026422204,0.011859987,0.00018152354,0.02109912,2,2
8.828808e-07,1.8184809e-06,0.00023128644,0.0005365394,0.000100687765,0.99465394,0.00045492276,0.0039033613,3.4137236e-07,0.000116098876,5,5
0.0015660765,0.0016721066,6.762196e-05,0.00023867463,0.9755912,3.3471065e-06,0.020673644,7.137305e-05,0.00011023554,5.697933e-06,4,4
0.09213256,0.002333802,0.00045683532,0.005617293,0.0011027454,0.00017299855,0.0031220831,0.012434071,0.00025670853,0.88237095,9,9
3.4720756e-08,0.99593604,8.3199906e-05,7.46246e-05,0.00028406334,1.7181383e-10,2.5374334e-06,8.685828e-09,0.003579145,4.0249695e-05,1,1
0.0023605211,0.00012976096,5.722322e-05,6.389532e-06,0.35701138,6.9270354e-05,0.6403395,2.4761275e-05,8.1877566e-08,1.1538052e-06,6,6
1.5875594e-05,5.2992326e-09,2.7917647e-05,2.2101553e-07,2.2434408e-05,8.749908e-05,0.00010405251,0.9996532,8.516582e-05,3.5800215e-06,7,7
0.9934341,5.9297317e-06,5.1196247e-07,0.0003097031,0.00040813844,2.0386447e-06,0.00068094506,0.0007671214,2.0865718e-06,0.004389421,0,0
5.304953e-05,5.0183626e-05,0.0024694016,0.0024772715,0.0015115987,0.9599052,0.0051163407,0.026865998,1.3049362e-05,0.0015378129,5,5
0.00087536516,0.0027283267,6.760915e-05,0.0003292037,0.98814917,1.0959352e-06,0.007306236,7.119869e-05,0.000465319,6.526388e-06,4,3
7.413794e-06,2.0213689e-08,1.0073268e-06,2.0944803e-11,0.0007321637,2.401721e-05,0.9992353,9.455719e-08,4.7628497e-15,5.180086e-10,6,6
1.5711832e-06,0.0004148476,0.23207812,3.7128123e-06,0.0001629939,0.7251363,0.026265875,0.013147305,4.9926547e-07,0.0027887737,5,5
2.050831e-08,0.9970126,8.4226565e-05,4.5116954e-05,0.00020648453,1.1935872e-10,2.0735913e-06,6.063193e-09,0.0026150143,3.4500285e-05,1,1
0.0005374667,0.002243103,4.0519615e-05,0.0002305274,0.991819,4.2374705e-07,0.004683355,4.151276e-05,0.0004004894,3.5592557e-06,4,4
0.0057223444,0.00240459,0.00039024244,0.002254182,0.00024763908,6.481625e-05,0.0008607408,0.0032527184,7.996742e-05,0.98472285,9,9
8.271396e-13,3.4590754e-05,0.99986064,1.0732751e-15,2.0117935e-10,8.749858e-06,7.585841e-05,5.0188186e-07,1.2396722e-12,1.9800893e-05,2,2
0.004528017,0.0016720409,0.00018486998,0.0018221121,0.00015334286,2.5660374e-05,0.00048159919,0.0019841534,4.802908e-05,0.98910004,9,9
0.00011628318,1.5063317e-07,0.0001805299,3.0389833e-06,0.00017528758,0.00043777013,0.00040661843,0.9981797,0.00047129288,2.9379438e-05,7,7
0.9072568,0.00029918278,4.8784805e-05,0.0030677363,0.0025490548,7.032815e-05,0.004994137,0.008029422,8.527123e-05,0.07359938,0,9
2.1684915e-08,0.0004004524,4.485553e-07,0.00015038133,0.0038362143,6.176844e-12,3.2956415e-09,1.5258643e-06,0.9956108,2.528358e-07,8,8
1.9336836e-08,0.9970626,8.083434e-05,4.3952095e-05,0.00020121364,1.09440616e-10,1.972708e-06,5.654184e-09,0.0025760897,3.3171153e-05,1,1
2.2676702e-06,0.002233643,1.7731607e-05,0.0008326051,0.016581345,3.1241525e-09,4.5108823e-07,5.5279135e-05,0.9802673,9.460383e-06,8,8
7.531398e-13,3.3356355e-05,0.99986506,9.538996e-16,1.8658548e-10,8.425229e-06,7.357567e-05,4.7873306e-07,1.1260279e-12,1.9074114e-05,2,2
1.03708665e-07,3.011055e-07,6.201809e-05,0.00015136704,2.8556968e-05,0.9985649,0.00021912757,0.0009533803,2.10202e-08,2.0230524e-05,5,5
1.0199781e-08,0.00031726007,2.4931052e-07,0.00011637213,0.003032051,2.2314685e-12,1.5095036e-09,8.2439885e-07,0.99653304,1.430353e-07,8,8
0.011023519,0.0008535175,0.00044922988,0.00013186467,0.42980844,0.0006503938,0.55672157,0.00032968508,4.675222e-06,2.7110867e-05,6,6
2.8080133e-06,2.9178787e-10,5.576451e-06,2.2518845e-08,3.7569102e-06,2.1801896e-05,3.219675e-05,0.9999143,1.8945879e-05,5.7804453e-07,7,7
0.9918099,9.552556e-06,9.226213e-07,0.0004181874,0.00058295904,3.560119e-06,0.00096799876,0.0010081739,3.3434146e-06,0.0051953983,0,0
6.668904e-08,0.0005712764,1.0802996e-06,0.00022350265,0.0054432508,2.8537565e-11,1.060551e-08,3.808981e-06,0.9937564,5.9611466e-07,8,8
2.4651865e-07,0.008203649,3.8378125e-06,0.00042656434,0.010144133,3.1014982e-11,7.555929e-08,1.6090434e-06,0.9812174,2.3684247e-06,8,8
5.5626895e-13,2.9657187e-05,0.9998789,6.515103e-16,1.4626678e-10,7.4563527e-06,6.665928e-05,4.109815e-07,8.2505595e-13,1.6901507e-05,2,2
0.00580359,0.002460607,0.00040834345,0.0022841813,0.00025507124,6.848742e-05,0.00089151465,0.003349561,8.254544e-05,0.984396,9,9
3.261509e-06,0.00043998918,5.4490915e-06,0.9955432,0.0002960078,0.0001801678,3.5478074e-06,2.8475739e-05,0.0025442846,0.0009557081,3,3
0.00018043192,3.1616736e-07,0.00027318532,5.4195093e-06,0.0002757794,0.0006259017,0.0005512877,0.99735534,0.00068554445,4.684774e-05,7,5
0.00029106718,0.000357291,4.5778934e-06,2.4484927e-05,0.9877737,1.2037447e-07,0.011540769,3.1514812e-06,4.6572986e-06,1.9878445e-07,4,4
0.0042700805,0.0015344856,0.00015354964,0.001730729,0.00013642486,2.0279156e-05,0.00041668603,0.0017496588,4.2465992e-05,0.9899456,9,9
4.012406e-12,6.370736e-05,0.9997545,7.813712e-15,7.1548456e-10,1.6564689e-05,0.0001270893,1.1136941e-06,6.243954e-12,3.715057e-05,2,2
5.870699e-07,0.00015209221,1.4809128e-06,0.9979038,9.259401e-05,9.54553e-05,7.085623e-07,9.426753e-06,0.0013319703,0.00041204164,3,3
2.0466665e-05,0.001302471,2.181865e-05,0.98998135,0.0010240362,0.00038187,2.0310936e-05,9.501173e-05,0.004842988,0.0023096718,3,3
1.15211684e-07,3.6791207e-07,7.4470765e-05,0.00022536443,2.715508e-05,0.9981098,0.00015380674,0.0013782935,4.951664e-08,3.0553616e-05,5,5
5.6636654e-05,0.002326952,4.6931276e-05,0.98416996,0.0020292727,0.0005946292,5.371976e-05,0.00018688751,0.0067928866,0.0037421035,3,3
0.00058300665,0.0016392801,3.1935433e-05,0.00016701293,0.9905821,4.8959834e-07,0.006793419,3.0932373e-05,0.00016934687,2.5127788e-06,4,4
0.00072770915,0.00098013,2.3494187e-05,0.00010286992,0.98468864,7.3969807e-07,0.013411222,2.1464839e-05,4.212551e-05,1.5581556e-06,4,4
0.0037886696,0.0012953974,0.0001053356,0.0015615576,0.00010786236,1.2504552e-05,0.0003103926,0.0013509536,3.3205873e-05,0.9914342,9,9
0.015933946,0.0033295595,0.050562296,0.0001830779,0.09611677,0.05988522,0.73195666,0.039655484,8.368746e-05,0.0022933537,6,9
3.8104016e-08,1.561983e-07,4.0633084e-05,0.00013757299,1.34484635e-05,0.99893683,8.771926e-05,0.000768901,1.6883675e-08,1.4623711e-05,5,5
3.7925725e-05,4.4769538e-07,1.408266e-05,8.609878e-10,0.0019273586,0.00014391681,0.99787486,1.3780156e-06,1.0206269e-12,2.1103661e-08,6,6
5.723387e-09,3.6699976e-08,1.4635371e-05,5.7442816e-05,4.0874797e-06,0.99960846,3.476111e-05,0.00027641162,2.5937548e-09,4.082707e-06,5,5
4.6525347e-05,0.07251229,0.0004486111,0.036409754,0.04131826,1.2068206e-06,3.983351e-05,0.00018196224,0.84842855,0.0006129553,8,4
5.8461105e-06,0.0026543331,3.7344933e-05,0.0012401732,0.021802543,1.3985417e-08,1.1917759e-06,0.00013673048,0.974102,1.9923244e-05,8,8
0.00025591333,0.0017765051,1.9647632e-05,0.0001433299,0.9951397,1.0027345e-07,0.0022765095,1.9322299e-05,0.00036739546,1.5301919e-06,4,4
2.992028e-06,3.2444653e-10,5.914461e-06,2.448666e-08,4.0109144e-06,2.2937797e-05,3.3607743e-05,0.9999099,2.0022335e-05,6.1795e-07,7,7
1.0248882e-14,6.2392387e-06,0.99997056,4.2369324e-18,5.9042116e-12,1.5012664e-06,1.8278603e-05,5.546854e-08,1.3403059e-14,3.4155878e-06,2,2
1.7768582e-05,1.03423915e-07,4.0079385e-06,1.5119561e-10,0.0012321261,6.169094e-05,0.998684,3.8837473e-07,8.161421e-14,3.6507188e-09,6,6
2.8321545e-06,0.002038255,2.095225e-05,0.0009292297,0.017425733,5.1044524e-09,5.505587e-07,7.7355355e-05,0.979494,1.1187681e-05,8,8
0.0037623493,0.0012829591,0.00010305377,0.0015523531,0.00010641004,1.2155369e-05,0.00030511903,0.0013306325,3.273972e-05,0.99151224,9,9
1.671251e-05,6.656246e-08,2.4293784e-06,1.1157775e-10,0.0012275317,4.6856105e-05,0.9987061,2.6085516e-07,4.4545324e-14,2.1012698e-09,6,6
1.6381427e-09,0.00063337537,0.9978235,1.4553792e-11,8.944793e-08,0.00019220273,0.00092555396,2.3740422e-05,2.7713307e-09,0.0004015208,2,2
6.1929353e-07,1.3740611e-06,0.00018954033,0.00046334646,8.000607e-05,0.9955304,0.00037466406,0.0032675462,2.4523158e-07,9.222854e-05,5,5
0.018766755,0.01468487,0.1115118,0.009978278,0.07391538,0.31183898,0.21214755,0.18883699,0.0027421266,0.05557732,5,5
7.4960444e-06,1.00606485e-05,0.0007821285,0.0012409614,0.00040963135,0.98453486,0.0015455891,0.01101208,2.3775656e-06,0.00045481182,5,5
7.361257e-11,0.00019471352,0.99929774,3.0046327e-13,7.405893e-09,5.402077e-05,0.00033085863,4.871495e-06,1.2070266e-10,0.00011792471,2,2
0.00025778572,1.5909527e-05,0.00028278897,6.543893e-08,0.0060750437,0.0011082358,0.9922294,2.932764e-05,5.1494997e-10,1.487677e-06,6,6
0.9933041,6.181305e-06,5.387213e-07,0.00031807105,0.00042050495,2.1380483e-06,0.0007010087,0.00078581314,2.1766755e-06,0.00445956,0,0
7.536418e-06,1.0104481e-05,0.00078455976,0.001243445,0.0004110917,0.98449403,0.0015505223,0.011039914,2.3889038e-06,0.00045635182,5,5
0.0060411673,0.0026292899,0.00046468913,0.002372394,0.0002775962,8.0074366e-05,0.0009853482,0.0036401658,9.0408095e-05,0.9834187,9,9
0.99433017,4.2822553e-06,3.4227492e-07,0.00025248807,0.0003192887,1.3910857e-06,0.00053407706,0.0006368068,1.5154652e-06,0.0039194985,0,0
3.0156334e-05,2.139371e-07,6.6004477e-06,4.372417e-10,0.0017445568,9.076478e-05,0.99812704,6.991066e-07,3.2910767e-13,8.4179534e-09,6,6
0.9940315,4.7998424e-06,3.9410105e-07,0.00027128242,0.00034781935,1.589914e-06,0.0005811866,0.00067982724,1.6960399e-06,0.0040800995,0,0
6.444863e-05,9.695603e-07,2.4572277e-05,2.5543252e-09,0.0027159855,0.000218583,0.9969728,2.597857e-06,4.364675e-12,5.1693778e-08,6,6
0.001101378,0.0013448673,4.614973e-05,0.00017776439,0.9827725,1.6827457e-06,0.014398368,5.184846e-05,0.00010179142,3.567411e-06,4,4
0.0014730785,0.038389567,0.0009253694,0.030896321,0.8953388,5.6043078e-05,0.0077153733,0.00074209797,0.024063658,0.0003996841,4,3
0.00018311586,1.003705e-06,6.1827777e-06,1.1230044e-08,0.01210621,7.506865e-05,0.98762697,1.4334886e-06,1.1296839e-11,2.2859135e-08,6,6
4.3488782e-07,1.0400498e-06,0.00015554116,0.0003995424,6.366623e-05,0.99626416,0.00030946685,0.002732647,1.7592535e-07,7.324466e-05,5,5
0.99090636,1.1929465e-05,1.2143003e-06,0.00048084708,0.0006887636,4.618928e-06,0.0011414037,0.0011448431,4.1621383e-06,0.0056158104,0,0
0.00013204585,3.1955906e-06,6.2969695e-05,1.2001145e-08,0.004243059,0.00042588112,0.9951256,7.094956e-06,3.747172e-11,2.1081888e-07,6,6
0.99565613,2.3465302e-06,1.6278922e-07,0.00017288886,0.00020338732,6.880146e-07,0.00034213898,0.00045108562,8.369037e-07,0.0031702656,0,0
0.0005072276,0.002922184,5.020816e-05,0.0003049727,0.99188495,3.835137e-07,0.00343093,5.4428816e-05,0.0008399401,4.8489533e-06,4,4
0.007454451,0.003796082,0.0009202153,0.0029128562,0.00043780459,0.00017935809,0.0016691233,0.005586327,0.00014823956,0.9768956,9,9
3.7343198e-05,0.00076225254,1.4214869e-05,0.99150324,0.0008554839,0.00037841103,1.99098e-05,0.00012782078,0.0032548993,0.003046493,3,3
2.1553145e-10,0.00030378555,0.9989642,1.1955278e-12,1.7582495e-08,8.1383136e-05,0.00045885978,8.146899e-06,3.8668707e-10,0.00018373392,2,2
1.2948925e-08,0.0009249654,0.9936661,4.631871e-10,6.059872e-07,0.0017383365,0.0024252061,0.00016194605,1.5880431e-08,0.0010827899,2,5
0.9938153,5.1921543e-06,4.3428204e-07,0.00028502828,0.0003689353,1.7431206e-06,0.0006160235,0.00071112235,1.8327182e-06,0.0041944277,0,0
0.99427336,4.378521e-06,3.5180744e-07,0.0002560451,0.00032465722,1.4277678e-06,0.0005429451,0.00064496964,1.5490737e-06,0.0039502922,0,0
0.0053304387,0.0017439965,0.00020872257,0.0019566044,0.0001750461,3.1345025e-05,0.0005572848,0.0022898435,5.4384967e-05,0.9876523,9,9
2.156493e-05,5.7773024e-05,0.0049725063,0.00015108014,0.0014187362,0.9522638,0.033514507,0.007133442,4.291558e-07,0.0004662218,5,6
8.565716e-05,0.92872745,0.037911903,0.001006813,0.009581151,3.5480127e-05,0.0046385825,0.000122069934,0.009988827,0.007902201,1,1
0.047256794,0.0054565314,0.01617423,0.0003017423,0.054937635,0.015388476,0.84486425,0.009236643,3.079192e-05,0.006352976,6,6
3.8289048e-07,0.9926605,0.0006512879,0.00016560417,0.0007468567,8.9587235e-09,2.4805886e-05,1.9603074e-07,0.0055066817,0.00024359468,1,1
6.957942e-13,3.2347478e-05,0.99986887,8.634316e-16,1.7508238e-10,8.160391e-06,7.1700895e-05,4.600104e-07,1.0381392e-12,1.8480761e-05,2,2
0.0024154352,0.00044975322,3.8113874e-05,5.3633456e-05,0.87455213,1.0545444e-05,0.12244469,3.0997267e-05,2.8889558e-06,1.7971479e-06,4,4
1.9582076e-08,0.9970521,8.154948e-05,4.4199125e-05,0.00020233143,1.1149371e-10,1.9939012e-06,5.739429e-09,0.002584381,3.345153e-05,1,1
0.012419792,0.000817557,6.030072e-05,0.0018891157,0.0001374153,1.0492674e-05,0.00036532056,0.0018896868,3.2651016e-05,0.98237777,9,9
0.00019437411,3.2054572e-06,2.414368e-05,2.2560435e-08,0.009331812,0.00017525774,0.9902677,3.4778886e-06,4.4781987e-11,1.0519294e-07,6,6
0.99297595,6.860909e-06,6.1284834e-07,0.00033963495,0.00045474083,2.4158912e-06,0.0007573613,0.0008341795,2.4125113e-06,0.0046259607,0,0
0.9942061,4.4938856e-06,3.6329672e-07,0.00026026953,0.00033105264,1.4719118e-06,0.000553507,0.0006546524,1.589335e-06,0.003986621,0,0
0.0010508257,1.7290356e-05,2.0899895e-05,5.550788e-07,0.107334785,7.76495e-05,0.89149046,7.351086e-06,2.1971396e-09,2.2030228e-07,6,6
0.005268908,0.0021069543,0.00029948985,0.0020882385,0.00020861354,4.6863686e-05,0.00070096547,0.0027364523,6.656971e-05,0.98647666,9,9
0.0006449559,0.0022828262,4.6567737e-05,0.00024765183,0.990555,6.0295264e-07,0.005803413,4.7722915e-05,0.00036715023,4.152069e-06,4,4
5.5497907e-07,0.00014676529,1.4188399e-06,0.9979551,8.9132845e-05,9.359965e-05,6.72368e-07,9.094307e-06,0.0013029423,0.00040070308,3,3
5.90926e-07,0.0011764807,6.033616e-06,0.00050393696,0.010722026,5.783124e-10,1.0466046e-07,2.2207241e-05,0.98756534,3.2456296e-06,8,8
1.6345729e-12,4.5031993e-05,0.99982196,2.5278506e-15,3.477518e-10,1.1519567e-05,9.474296e-05,7.0757415e-07,2.4917987e-12,2.5980376e-05,2,2
0.008172549,0.004508709,0.0012450833,0.003198256,0.00053812994,0.00025338668,0.0021052943,0.006707602,0.00018592874,0.97308517,9,9
3.2364912e-07,0.99305725,0.0005791639,0.00015369449,0.00069374905,6.9910278e-09,2.1512053e-05,1.6055859e-07,0.0052765873,0.00021774779,1,1
6.5794316e-06,1.2119835e-09,1.2292161e-05,6.923961e-08,9.039277e-06,4.3122247e-05,5.726275e-05,0.9998305,3.9717022e-05,1.4157739e-06,7,7
1.5789181e-10,0.00026055187,0.99907327,7.8116723e-13,1.3669155e-08,7.375462e-05,0.0004257883,7.185092e-06,2.6150151e-10,0.00015950047,2,2
3.9549334e-07,0.9925811,0.0006661815,0.00016800272,0.0007575455,9.39719e-09,2.5496183e-05,2.0371672e-07,0.0055521457,0.0002489159,1,1
2.963991e-08,0.99667585,0.00010895485,5.3144275e-05,0.00024277161,2.0548575e-10,2.8337058e-06,9.389315e-09,0.0028723786,4.4122356e-05,1,1
0.0049357116,0.0019037894,0.00024312788,0.0019678343,0.00018249598,3.6185636e-05,0.00059610215,0.0023838617,5.7741607e-05,0.98769325,9,9
0.008369694,0.004720039,0.0013470772,0.0032779116,0.00056811725,0.0002769083,0.0022362436,0.007029854,0.0001973874,0.9719767,9,9
9.163555e-06,2.1102893e-09,1.6728858e-05,1.0715202e-07,1.2722664e-05,5.625491e-05,7.166672e-05,0.99977845,5.293467e-05,2.0065738e-06,7,7
0.0038498794,0.0013245718,0.00011077712,0.0015829827,0.00011128241,1.3344894e-05,0.0003228661,0.001398801,3.430557e-05,0.9912513,9,9
0.004042478,0.0014186602,0.0001291751,0.001650547,0.00012244184,1.626069e-05,0.0003640715,0.0015547818,3.7911184e-05,0.99066365,9,9
0.994848,3.456498e-06,2.6267764e-07,0.00022064026,0.00027190225,1.0825378e-06,0.00045572288,0.0005632382,1.2266948e-06,0.003634591,0,0
3.64372e-08,0.99646854,0.00012587114,5.8252564e-05,0.00026583238,2.7864808e-10,3.3759409e-06,1.1998263e-08,0.0030275178,5.0646966e-05,1,1
0.99468684,3.7039692e-06,2.861058e-07,0.00023045609,0.00028637267,1.1738035e-06,0.0004796656,0.00058600784,1.3133322e-06,0.003724255,0,0
0.00011676847,2.3576947e-06,4.336144e-05,8.870374e-09,0.0041854456,0.0003210764,0.9953259,4.91412e-06,2.2297744e-11,1.3456776e-07,6,6
0.021664485,0.011496666,0.005287856,0.006150958,0.0020172207,0.0013095159,0.007854604,0.018545607,0.0007729446,0.9249,9,9
7.3678685e-12,8.052234e-05,0.9996942,1.6761003e-14,1.1658345e-09,2.118991e-05,0.00015510403,1.5146135e-06,1.1612816e-11,4.730992e-05,2,2
1.2336508e-06,1.9199417e-06,0.00022373603,0.00030857703,0.00015659741,0.9954945,0.0012164259,0.00252195,1.0825633e-07,7.507394e-05,5,5
4.4643912e-07,0.0010693572,4.8325496e-06,0.00045265877,0.00982847,3.92057e-10,7.7871235e-08,1.772922e-05,0.98862374,2.6052996e-06,8,8
1.1385659e-11,9.520241e-05,0.9996425,2.8942736e-14,1.6537798e-09,2.5282077e-05,0.00017892553,1.888178e-06,1.809943e-11,5.624367e-05,2,2
1.6898774e-06,1.2489866e-10,3.4837938e-06,1.151715e-08,2.226356e-06,1.4525779e-05,2.2846767e-05,0.99994266,1.2171064e-05,3.388811e-07,7,7
7.326699e-07,1.5691226e-06,0.0002082788,0.00049683405,8.921156e-05,0.99513394,0.000410656,0.003555608,2.869543e-07,0.00010287565,5,5
8.345768e-05,5.6159603e-05,0.0030786663,0.0031723115,0.0019279824,0.9335273,0.0045393766,0.05145537,3.0558353e-05,0.0021288176,5,5
2.3453046e-08,0.99689436,9.2507405e-05,4.789062e-05,0.00021903006,1.4547931e-10,2.3234522e-06,7.1103896e-09,0.0027060031,3.7734917e-05,1,1
9.86969e-05,1.18201854e-07,0.0001591986,2.471194e-06,0.00014619115,0.0003951445,0.00038555046,0.99838996,0.0003971686,2.5530726e-05,7,7
0.008605665,0.0025797107,0.00068865734,0.0022782993,0.0003478784,0.00015537592,0.0015336655,0.005775928,9.634767e-05,0.9779384,9,9
3.64925e-08,0.9964669,0.00012600436,5.8291815e-05,0.00026600945,2.7927172e-10,3.3802812e-06,1.2019865e-08,0.0030286852,5.06982e-05,1,1
9.7686765e-08,3.236174e-07,6.800726e-05,0.00020955646,2.444391e-05,0.9982646,0.00014129178,0.0012643187,4.2219398e-08,2.7386326e-05,5,5
8.882904e-08,0.00062656385,1.3529686e-06,0.00024793088,0.0059510623,4.2272526e-11,1.43066545e-08,4.807691e-06,0.99316746,7.432275e-07,8,8
5.4189086e-06,8.759593e-10,1.0263795e-05,5.3608098e-08,7.399491e-06,3.6908717e-05,5.0215775e-05,0.99985504,3.3559078e-05,1.1542596e-06,7,7
2.824294e-06,4.587229e-06,0.00044672357,0.0008551328,0.00021516238,0.99044156,0.0008745026,0.006913334,9.920077e-07,0.00024510155,5,5
8.7762646e-07,4.181843e-11,1.9003377e-06,4.8455626e-09,1.1340035e-06,8.607087e-06,1.4677091e-05,0.9999658,6.8700188e-06,1.7016647e-07,7,7
9.424298e-06,0.00082887616,1.21575795e-05,0.99289435,0.00060685497,0.00027583,9.703411e-06,5.697896e-05,0.0037114348,0.0015944979,3,3
2.7719122e-06,4.5190254e-06,0.00044198232,0.00084890024,0.00021253395,0.99052995,0.0008651659,0.0068509937,9.753321e-07,0.00024219348,5,5
2.2951592e-07,0.9937909,0.00045556418,0.00013194108,0.0005966061,4.210287e-09,1.6075062e-05,1.067507e-07,0.0048354417,0.00017311188,1,1
0.006264734,0.0027948343,0.00052256376,0.0024560734,0.00029989515,9.219418e-05,0.0010789818,0.0039235796,9.826232e-05,0.9824687,9,9
5.866473e-06,0.0007515465,9.370495e-06,0.9936271,0.0004769946,0.00020490176,6.434838e-06,4.0182276e-05,0.0035836298,0.0012940128,3,3
8.401548e-06,0.0030371018,4.9892038e-05,0.0014343674,0.024385089,2.3150221e-08,1.7558547e-06,0.00018142731,0.9708754,2.6619822e-05,8,8
1.2261098e-08,0.9974214,5.8793554e-05,3.5889632e-05,0.00016468756,5.5896652e-11,1.340615e-06,3.291945e-09,0.002293485,2.446884e-05,1,1
0.0028447146,0.00089478097,4.531931e-05,0.0012064542,6.3374486e-05,4.10293e-06,0.00016080152,0.00074794417,1.8570418e-05,0.99401397,9,9
0.0017171319,0.7831197,0.050690755,0.0034047381,0.0128829675,0.0001210084,0.011632627,0.0013973744,0.014546034,0.12048777,1,9
0.025198376,0.0021706687,0.00039043205,0.0035106211,0.00050401426,0.00010303342,0.0016128271,0.006523785,0.00013551745,0.9598507,9,9
2.5857435e-07,0.00088996283,3.1385716e-06,0.00036809637,0.008295425,1.8414147e-10,4.3833204e-08,1.1418552e-05,0.99042994,1.7008067e-06,8,8
0.003940507,0.0013684058,0.0001191888,0.0016147473,0.00011645778,1.4664296e-05,0.00034188243,0.0014711741,3.5974415e-05,0.9909769,9,9
4.4264774e-09,0.00024638342,1.304965e-07,8.8456094e-05,0.0023362457,7.301535e-13,6.384077e-10,4.1673306e-07,0.9973283,7.660081e-08,8,8
0.0010842672,0.00097464764,3.1076357e-05,0.000116066025,0.9760467,1.6081593e-06,0.021682004,2.8793882e-05,3.280803e-05,2.1058652e-06,4,4
4.8655957e-06,0.0005598008,7.3764922e-06,0.9946877,0.00038808046,0.0002109629,5.180487e-06,3.6954818e-05,0.002939133,0.0011599375,3,3
0.0012668703,0.002111778,6.841361e-05,0.00027638813,0.98154366,2.2220593e-06,0.014470432,6.8542395e-05,0.00018558318,6.1314363e-06,4,4
3.7108566e-07,9.1809034e-07,0.000142368,0.00037361114,5.7475536e-05,0.996554,0.00028422743,0.0025207405,1.5144597e-07,6.602598e-05,5,5
1.6157678e-06,2.937747e-06,0.00032528196,0.0006856265,0.00014925536,0.992761,0.00063681044,0.0052654888,5.9639e-07,0.00017144834,5,5
0.1645716,0.0348495,0.07319314,0.0020455637,0.024853056,0.015641889,0.28435266,0.076589495,0.0010032468,0.32289988,9,0
0.0029398324,0.0009320244,4.987297e-05,0.0012423247,6.728714e-05,4.664168e-06,0.00017328371,0.00080057903,1.9827507e-05,0.9937703,9,9
2.0982938e-12,4.9598086e-05,0.9998053,3.4601431e-15,4.2502188e-10,1.2743054e-05,0.00010279931,8.026369e-07,3.2177535e-12,2.869879e-05,2,2
9.5747986e-08,0.99603915,0.0004335276,6.01431e-05,0.0003571209,2.1304922e-09,1.099075e-05,5.595337e-08,0.0029694645,0.0001292524,1,1
1.0600331e-06,5.731908e-11,2.2628537e-06,6.219371e-09,1.3773114e-06,1.0007782e-05,1.6673697e-05,0.9999603,8.101844e-06,2.0753856e-07,7,7
0.0012388102,0.0030315837,0.000107723194,0.0004538535,0.9860832,2.1786245e-06,0.008152813,0.00014165472,0.0007768814,1.1260793e-05,4,4
4.653139e-08,0.99620396,0.00014933612,6.4940425e-05,0.00029599137,3.9969558e-10,4.1539106e-06,1.6041392e-08,0.0032220741,5.9633614e-05,1,1
8.0033984e-05,0.11589173,0.81643975,2.99515e-05,0.0009865335,0.0052952133,0.024415193,0.0029981951,0.0005550188,0.03330842,2,1
3.8657495e-06,5.8995806e-06,0.00053444837,0.0009657971,0.00026449328,0.9888353,0.0010480585,0.008041535,1.3167361e-06,0.0002992749,5,5
3.2033938e-07,0.99308056,0.0005750217,0.00015299453,0.00069062645,6.8857973e-09,2.1325432e-05,1.5861065e-07,0.0052628303,0.0002162591,1,1
0.0015905498,0.001317401,5.291217e-05,0.00017949737,0.9692323,3.4237798e-06,0.027517112,5.061585e-05,5.198951e-05,4.0732907e-06,4,4
0.0012020925,4.1369938e-05,6.481621e-05,1.0163535e-06,0.08232489,0.00018459068,0.9161637,1.6711665e-05,6.655354e-09,8.0863407e-07,6,6
3.321591e-05,0.0017195696,3.141612e-05,0.9875595,0.0014184576,0.00047042684,3.2249307e-05,0.00013098554,0.005696944,0.0029071264,3,3
9.917331e-13,3.7111204e-05,0.9998511,1.3485143e-15,2.3276132e-10,9.414626e-06,8.0483536e-05,5.4994973e-07,1.4932752e-12,2.1287527e-05,2,2
1.7468182e-07,6.96959e-05,5.874218e-07,0.99877733,4.073954e-05,6.360546e-05,2.3008313e-07,4.3673203e-06,0.0008186068,0.0002246743,3,3
4.265821e-05,0.017275266,0.00017438417,0.83423215,0.010370737,8.695364e-05,4.427557e-05,0.00027128027,0.13440536,0.0030969717,3,3
0.0066346815,1.9692801e-05,0.0030065333,9.203124e-05,0.0176541,0.011001565,0.029889442,0.9306131,0.0007575393,0.0003312951,7,6
0.0020172975,0.00037434182,0.0036177281,3.6033468e-06,0.016918581,0.006024773,0.97042644,0.000529276,1.3909644e-07,8.7854e-05,6,6
1.8204845e-07,0.994234,0.0003874783,0.000119040415,0.00053890253,2.9911473e-09,1.3208094e-05,8.107046e-08,0.004558931,0.00014830241,1,1
0.00013509243,5.4914053e-06,0.00012286202,1.6310384e-08,0.0040610954,0.00061241956,0.9950506,1.19893e-05,7.5125024e-11,4.2514435e-07,6,6
7.028505e-07,1.5184509e-06,0.00020347878,0.0004883593,8.684087e-05,0.995235,0.00040143117,0.0034822454,2.7603932e-07,0.000100137186,5,5
9.531213e-12,8.891006e-05,0.9996648,2.3154948e-14,1.4336853e-09,2.3522274e-05,0.00016877847,1.7255318e-06,1.509963e-11,5.2407635e-05,2,2
0.90561086,0.00033603876,0.0001373991,0.006389524,0.0070171445,0.0003328715,0.005868582,0.03161041,0.0005735072,0.0421237,0,0
0.99512863,3.0458248e-06,2.2467725e-07,0.00020375254,0.00024730238,9.335787e-07,0.000414985,0.0005238488,1.0827233e-06,0.0034760456,0,0
3.6542124e-07,0.0053062486,0.98400176,1.3672352e-08,6.8898394e-06,0.0016374274,0.0051863235,0.0003470616,7.720608e-07,0.0035131616,2,2
3.1574407e-06,3.1921625e-06,0.00029718014,0.00020185356,0.00036719078,0.99189234,0.0051482203,0.0020203055,4.733948e-08,6.652565e-05,5,5
7.400468e-08,0.0009226899,1.5670013e-06,0.0006684052,0.00544706,1.0423148e-10,1.7105156e-08,4.1907183e-06,0.9929549,1.23712e-06,8,8
0.99386805,5.095142e-06,4.2427678e-07,0.00028166614,0.00036375178,1.7050417e-06,0.0006074741,0.00070348073,1.7989329e-06,0.0041666958,0,0
0.0015498339,0.002224484,8.232633e-05,0.0003102569,0.9777259,3.2941523e-06,0.01783029,8.292456e-05,0.0001831506,7.597442e-06,4,4
1.3985021e-11,0.00010303304,0.99961483,3.7462367e-14,1.950821e-09,2.7483427e-05,0.00019143255,2.095605e-06,2.231767e-11,6.1030558e-05,2,2
2.332366e-05,2.5395073e-05,0.0015161604,0.0018700482,0.00087189284,0.97309273,0.0030690248,0.01860045,6.426252e-06,0.00092461344,5,5
2.3933584e-05,0.004526813,0.00011531929,0.002189744,0.033655588,9.8927636e-08,5.397291e-06,0.00040668473,0.95901483,6.1665836e-05,8,8
2.3828827e-06,0.0019157695,1.8259718e-05,0.0008678549,0.016518597,4.0142827e-09,4.5819723e-07,6.748295e-05,0.9805995,9.754196e-06,8,8
7.3996514e-14,1.3524727e-05,0.9999409,5.1330557e-17,2.8917204e-11,3.313018e-06,3.4619832e-05,1.4916736e-07,1.034663e-13,7.545203e-06,2,2
0.0048770434,0.0050319796,0.0003767203,0.0010468676,0.94883996,3.1763913e-05,0.038737852,0.0004137317,0.00059442694,4.9569622e-05,4,4
0.96449083,0.00020553933,2.4439227e-05,0.002911206,0.0042196847,4.804081e-05,0.0053264974,0.0041612927,7.311279e-05,0.01853932,0,0
0.11498846,0.0037792488,0.0009656159,0.0070400718,0.0018937673,0.0003746923,0.005514576,0.01855218,0.00047226262,0.84641916,9,9
0.0008345325,0.0014818555,3.7279522e-05,0.00016657931,0.98584265,9.770677e-07,0.011494203,3.564504e-05,0.00010349824,2.8814402e-06,4,4
2.486899e-07,0.0008784737,3.0434765e-06,0.00036274624,0.008195591,1.7448734e-10,4.2074376e-08,1.1064897e-05,0.9905471,1.649957e-06,8,8
3.7042093e-06,0.9833009,0.003163252,0.00045357278,0.0020186917,2.5460614e-07,0.00016936852,2.8987351e-06,0.009782935,0.0011043878,1,1
1.2640612e-06,0.0015306496,1.1028993e-05,0.0006765362,0.013573328,1.66244e-09,2.3384476e-07,4.079022e-05,0.9841601,5.9055847e-06,8,8
1.3613854e-05,4.095738e-09,2.41893e-05,1.8051222e-07,1.9143032e-05,7.732275e-05,9.373925e-05,0.9996942,7.456984e-05,3.044674e-06,7,7
0.0008108558,0.0018183228,4.400469e-05,0.00020607293,0.9875087,9.304721e-07,0.009389329,4.3268497e-05,0.00017478077,3.6535885e-06,4,4
5.6174426e-06,0.0008380905,9.740233e-06,0.99325174,0.0004912265,0.00018627304,6.3558127e-06,3.794413e-05,0.0038879013,0.0012851132,3,3
0.00026653378,1.5438758e-06,6.674376e-06,2.3246423e-08,0.019699039,6.966815e-05,0.9799548,1.8103281e-06,2.8005702e-11,3.0172867e-08,6,6
1.7170051e-06,2.6527587e-06,0.00028720062,0.00042082847,0.00018354246,0.9943323,0.0011942334,0.003467206,2.1451484e-07,0.000110074514,5,5
9.43261e-07,1.9162587e-06,0.00024005673,0.00055129785,0.00010510932,0.99447304,0.00047182082,0.004034301,3.6300014e-07,0.000121178695,5,5
0.009118438,0.0055890554,0.0017901562,0.0035855987,0.00069224386,0.00037992475,0.002779659,0.008306998,0.0002456832,0.96751225,9,9
6.456018e-07,0.0012126758,6.4717897e-06,0.0005213754,0.011020488,6.5385036e-10,1.14906875e-07,2.384059e-05,0.987211,3.4791105e-06,8,8
9.4419886e-07,1.917765e-06,0.00024019093,0.0005515224,0.000105177205,0.99447024,0.0004720799,0.004036298,3.6333435e-07,0.000121256504,5,5
0.0063529657,0.0028620467,0.0005467597,0.0024892846,0.0003089979,9.731835e-05,0.0011173912,0.0040380615,0.000101488,0.9820856,9,9
0.99496055,3.2886232e-06,2.4700734e-07,0.0002138324,0.00026193948,1.0212582e-06,0.00043922954,0.00054739293,1.167874e-06,0.0035713536,0,0
0.004979447,0.0019297372,0.00025005935,0.00198357,0.00018580457,3.7475238e-05,0.00060927856,0.0024288285,5.885357e-05,0.98753697,9,9
4.2441848e-06,5.820869e-10,8.180256e-06,3.883889e-08,5.7513207e-06,3.03461e-05,4.2566517e-05,0.9998808,2.7139284e-05,8.9259623e-07,7,7
0.00013119885,4.299035e-06,9.2211994e-05,1.3850965e-08,0.0040788194,0.0005217329,0.99516195,9.5009955e-06,5.389809e-11,3.108739e-07,6,6
1.6511366e-06,0.9877515,0.0018042212,0.0003168597,0.0014174748,7.735758e-08,8.5529966e-05,1.1113734e-06,0.007976338,0.00064529956,1,1
0.0004030403,8.291646e-06,4.0086925e-05,9.845022e-08,0.016953928,0.0002461,0.9823412,7.0379006e-06,2.8115607e-10,2.7800652e-07,6,6
3.0636565e-05,3.180062e-05,0.0017810493,0.0020559838,0.0010463306,0.96928126,0.0036318037,0.021037905,8.1364215e-06,0.0010950894,5,5
0.0058152885,0.002468739,0.00041099646,0.0022885052,0.00025615198,6.90277e-05,0.00089599844,0.0033636075,8.292097e-05,0.9843486,9,9
6.31649e-05,6.6796275e-07,1.5672356e-05,2.0586093e-09,0.0027798149,0.00017187235,0.996967,1.8377432e-06,2.6935715e-12,3.21507e-08,6,6
5.192757e-08,0.0005273355,8.878687e-07,0.00020433129,0.0050354563,2.0268303e-11,8.170129e-09,3.1078246e-06,0.9942285,4.920051e-07,8,8
0.9078059,0.00049270084,0.00014874835,0.0016630383,0.004102846,0.0001612314,0.0134204095,0.010772261,7.966635e-05,0.06135321,0,0
5.45096e-06,7.778233e-06,0.00065091695,0.0011011133,0.00033178471,0.9867747,0.0012807113,0.00947379,1.7911785e-06,0.00037203848,5,5
1.7153998e-07,0.9943415,0.0003717108,0.0001159384,0.0005250165,2.7399227e-09,1.2558767e-05,7.554316e-08,0.00449055,0.00014253067,1,1
0.00013804708,0.02975931,0.85397995,6.7875767e-06,0.00041312724,0.011827962,0.041776165,0.008351355,6.5975844e-05,0.053681336,2,9
4.1810935e-08,0.996121,0.00012098679,6.816972e-05,0.000291364,2.9462335e-10,3.4764948e-06,1.28489805e-08,0.0033431805,5.174124e-05,1,1
